{"cameraMode":{"drawMode":0,"name":"Shaded","section":"Shading Mode"},"sceneLighting":true,"audioPlay":false,"sceneViewState":{"m_AlwaysRefresh":false,"showFog":true,"showSkybox":true,"showFlares":true,"showImageEffects":true,"showParticleSystems":true,"showVisualEffectGraphs":true,"m_FxEnabled":true},"in2DMode":false,"pivot":{"x":-0.049329280853271487,"y":0.9812015891075134,"z":2.464104652404785},"rotation":{"x":0.01345969270914793,"y":-0.5992320775985718,"z":0.010067528113722802,"w":0.8004146814346314},"size":2.4007568359375,"orthographic":false}